,title,a-,b-,tau-,a+,b+,tau+
33,2022蔣萬安,91.5886173881391,4.8737753804298554e-08,44.89105722756439,1712.465684551107,41.55595605830127,1.5172446356045874
34,2022陳時中,18.713320265911943,2.0079739514795805e-06,95.9197132402208,111.17840524560144,4.178077822439425,1.371228753918228
